{
  "results": [
    {
      "command": "java -jar ruleGenerator-1.jar models/e001.bpmn ./",
      "mean": 0.489082198,
      "stddev": 0.009222645496969837,
      "median": 0.486958648,
      "user": 0.046875,
      "system": 0.0078125,
      "min": 0.47646054800000004,
      "max": 0.49949094800000005,
      "times": [
        0.478003648,
        0.483299348,
        0.48334234800000003,
        0.489967248,
        0.47646054800000004,
        0.483950048,
        0.49949094800000005,
        0.49886804800000006,
        0.49850844800000005,
        0.49893134800000005
      ],
      "exit_codes": [
        0,
        0,
        0,
        0,
        0,
        0,
        0,
        0,
        0,
        0
      ],
      "parameters": {
        "bpmnModel": "models/e001.bpmn"
      }
    },
    {
      "command": "java -jar ruleGenerator-1.jar models/e002.bpmn ./",
      "mean": 0.482983708,
      "stddev": 0.010261267000521924,
      "median": 0.482823848,
      "user": 0.0734375,
      "system": 0.0078125,
      "min": 0.46719604800000003,
      "max": 0.49918464800000006,
      "times": [
        0.49774064800000006,
        0.48295804800000003,
        0.483683348,
        0.48244324800000005,
        0.46719604800000003,
        0.46825424800000004,
        0.482463148,
        0.483224048,
        0.482689648,
        0.49918464800000006
      ],
      "exit_codes": [
        0,
        0,
        0,
        0,
        0,
        0,
        0,
        0,
        0,
        0
      ],
      "parameters": {
        "bpmnModel": "models/e002.bpmn"
      }
    },
    {
      "command": "java -jar ruleGenerator-1.jar models/e007.bpmn ./",
      "mean": 0.434293258,
      "stddev": 0.011556581176536993,
      "median": 0.43566074800000004,
      "user": 0.0546875,
      "system": 0.009375,
      "min": 0.419812548,
      "max": 0.45196364800000005,
      "times": [
        0.434731548,
        0.420841348,
        0.43525374800000005,
        0.45196364800000005,
        0.419812548,
        0.420295748,
        0.436265948,
        0.45134514800000003,
        0.436355148,
        0.43606774800000003
      ],
      "exit_codes": [
        0,
        0,
        0,
        0,
        0,
        0,
        0,
        0,
        0,
        0
      ],
      "parameters": {
        "bpmnModel": "models/e007.bpmn"
      }
    },
    {
      "command": "java -jar ruleGenerator-1.jar models/e008.bpmn ./",
      "mean": 0.44220543800000006,
      "stddev": 0.010971111546587543,
      "median": 0.436105348,
      "user": 0.0328125,
      "system": 0.0171875,
      "min": 0.43555274800000005,
      "max": 0.467432548,
      "times": [
        0.467432548,
        0.435641948,
        0.43565104800000004,
        0.43613914800000003,
        0.43555274800000005,
        0.451954848,
        0.43607154800000003,
        0.436655948,
        0.45099644800000005,
        0.43595814800000005
      ],
      "exit_codes": [
        0,
        0,
        0,
        0,
        0,
        0,
        0,
        0,
        0,
        0
      ],
      "parameters": {
        "bpmnModel": "models/e008.bpmn"
      }
    },
    {
      "command": "java -jar ruleGenerator-1.jar models/e009.bpmn ./",
      "mean": 0.44544264799999994,
      "stddev": 0.010793044389996944,
      "median": 0.443910248,
      "user": 0.05,
      "system": 0.0171875,
      "min": 0.43584364800000003,
      "max": 0.46746064800000003,
      "times": [
        0.451219348,
        0.46746064800000003,
        0.435898948,
        0.45149444800000005,
        0.451327648,
        0.43660114800000005,
        0.43584364800000003,
        0.436508848,
        0.436491948,
        0.451579848
      ],
      "exit_codes": [
        0,
        0,
        0,
        0,
        0,
        0,
        0,
        0,
        0,
        0
      ],
      "parameters": {
        "bpmnModel": "models/e009.bpmn"
      }
    },
    {
      "command": "java -jar ruleGenerator-1.jar models/e010.bpmn ./",
      "mean": 0.47055312800000004,
      "stddev": 0.006738734854522433,
      "median": 0.467674648,
      "user": 0.0359375,
      "system": 0.0078125,
      "min": 0.46640734800000005,
      "max": 0.483650848,
      "times": [
        0.46640734800000005,
        0.483650848,
        0.482874748,
        0.46834884800000004,
        0.466510148,
        0.46777934800000004,
        0.467305848,
        0.46845304800000004,
        0.46663114800000005,
        0.467569948
      ],
      "exit_codes": [
        0,
        0,
        0,
        0,
        0,
        0,
        0,
        0,
        0,
        0
      ],
      "parameters": {
        "bpmnModel": "models/e010.bpmn"
      }
    },
    {
      "command": "java -jar ruleGenerator-1.jar models/e011.bpmn ./",
      "mean": 0.4689410380000001,
      "stddev": 0.011687849212698524,
      "median": 0.46735294800000005,
      "user": 0.05625,
      "system": 0.0078125,
      "min": 0.45123194800000005,
      "max": 0.483710048,
      "times": [
        0.45123194800000005,
        0.46743044800000005,
        0.483710048,
        0.48287934800000004,
        0.46716154800000004,
        0.46727544800000004,
        0.467090948,
        0.46771164800000004,
        0.483046248,
        0.45187274800000005
      ],
      "exit_codes": [
        0,
        0,
        0,
        0,
        0,
        0,
        0,
        0,
        0,
        0
      ],
      "parameters": {
        "bpmnModel": "models/e011.bpmn"
      }
    },
    {
      "command": "java -jar ruleGenerator-1.jar models/e015.bpmn ./",
      "mean": 0.465696148,
      "stddev": 0.00908983270448667,
      "median": 0.467218098,
      "user": 0.0515625,
      "system": 0.00625,
      "min": 0.45122824800000005,
      "max": 0.48348714800000003,
      "times": [
        0.467408248,
        0.466893948,
        0.46741624800000003,
        0.467855748,
        0.466687748,
        0.467148848,
        0.46728734800000005,
        0.45154794800000003,
        0.45122824800000005,
        0.48348714800000003
      ],
      "exit_codes": [
        0,
        0,
        0,
        0,
        0,
        0,
        0,
        0,
        0,
        0
      ],
      "parameters": {
        "bpmnModel": "models/e015.bpmn"
      }
    },
    {
      "command": "java -jar ruleGenerator-1.jar models/e016.bpmn ./",
      "mean": 0.47608320800000004,
      "stddev": 0.0183969673542015,
      "median": 0.474058148,
      "user": 0.0890625,
      "system": 0.0234375,
      "min": 0.452450748,
      "max": 0.514564148,
      "times": [
        0.466162948,
        0.452450748,
        0.514564148,
        0.48834854800000005,
        0.48604114800000003,
        0.482770548,
        0.467628148,
        0.45488594800000004,
        0.480488148,
        0.46749174800000004
      ],
      "exit_codes": [
        0,
        0,
        0,
        0,
        0,
        0,
        0,
        0,
        0,
        0
      ],
      "parameters": {
        "bpmnModel": "models/e016.bpmn"
      }
    },
    {
      "command": "java -jar ruleGenerator-1.jar models/e020.bpmn ./",
      "mean": 0.581675138,
      "stddev": 0.006885923118531994,
      "median": 0.5774370480000001,
      "user": 0.0328125,
      "system": 0.0109375,
      "min": 0.576103048,
      "max": 0.592723548,
      "times": [
        0.591792948,
        0.580731648,
        0.577206748,
        0.576103048,
        0.589801448,
        0.592723548,
        0.5772096480000001,
        0.577664448,
        0.576766848,
        0.576751048
      ],
      "exit_codes": [
        0,
        0,
        0,
        0,
        0,
        0,
        0,
        0,
        0,
        0
      ],
      "parameters": {
        "bpmnModel": "models/e020.bpmn"
      }
    }
  ]
}
