{
  "results": [
    {
      "command": "java -jar ruleGenerator-1.jar models/e001.bpmn ./",
      "mean": 0.8239386380000001,
      "stddev": 0.013532719688062219,
      "median": 0.827083668,
      "user": 0.2246875,
      "system": 0.027375,
      "min": 0.7983222680000001,
      "max": 0.845196268,
      "times": [
        0.837237968,
        0.845196268,
        0.8271714680000001,
        0.820757668,
        0.827040768,
        0.8271265680000001,
        0.7983222680000001,
        0.810754368,
        0.814320068,
        0.8314589680000001
      ],
      "exit_codes": [
        0,
        0,
        0,
        0,
        0,
        0,
        0,
        0,
        0,
        0
      ],
      "parameters": {
        "bpmnModel": "models/e001.bpmn"
      }
    },
    {
      "command": "java -jar ruleGenerator-1.jar models/e002.bpmn ./",
      "mean": 0.8062005580000001,
      "stddev": 0.01263988398596988,
      "median": 0.810408168,
      "user": 0.2575,
      "system": 0.0320625,
      "min": 0.781951068,
      "max": 0.8239577680000001,
      "times": [
        0.8097877680000001,
        0.8239577680000001,
        0.8170328680000001,
        0.7939939680000001,
        0.7981003680000001,
        0.813576268,
        0.811028568,
        0.7988052680000001,
        0.813771668,
        0.781951068
      ],
      "exit_codes": [
        0,
        0,
        0,
        0,
        0,
        0,
        0,
        0,
        0,
        0
      ],
      "parameters": {
        "bpmnModel": "models/e002.bpmn"
      }
    },
    {
      "command": "java -jar ruleGenerator-1.jar models/e007.bpmn ./",
      "mean": 0.7444859380000001,
      "stddev": 0.009895947446421374,
      "median": 0.745923718,
      "user": 0.19656250000000003,
      "system": 0.033625,
      "min": 0.732516668,
      "max": 0.7647167680000001,
      "times": [
        0.7452014680000001,
        0.7332609680000001,
        0.747766268,
        0.732516668,
        0.742323968,
        0.7498409680000001,
        0.733134068,
        0.7494522680000001,
        0.7647167680000001,
        0.746645968
      ],
      "exit_codes": [
        0,
        0,
        0,
        0,
        0,
        0,
        0,
        0,
        0,
        0
      ],
      "parameters": {
        "bpmnModel": "models/e007.bpmn"
      }
    },
    {
      "command": "java -jar ruleGenerator-1.jar models/e008.bpmn ./",
      "mean": 0.763957768,
      "stddev": 0.009481961049628219,
      "median": 0.7654109680000001,
      "user": 0.210625,
      "system": 0.033531250000000005,
      "min": 0.7496353680000001,
      "max": 0.7833582680000001,
      "times": [
        0.762550868,
        0.7497085680000001,
        0.7653573680000001,
        0.7833582680000001,
        0.7496353680000001,
        0.7644476680000001,
        0.765938568,
        0.7654645680000001,
        0.7671586680000001,
        0.765957768
      ],
      "exit_codes": [
        0,
        0,
        0,
        0,
        0,
        0,
        0,
        0,
        0,
        0
      ],
      "parameters": {
        "bpmnModel": "models/e008.bpmn"
      }
    },
    {
      "command": "java -jar ruleGenerator-1.jar models/e009.bpmn ./",
      "mean": 0.7788367980000002,
      "stddev": 0.004658636487702763,
      "median": 0.7795090680000001,
      "user": 0.19343750000000004,
      "system": 0.032156250000000004,
      "min": 0.7664139680000001,
      "max": 0.783292768,
      "times": [
        0.7786250680000001,
        0.7816714680000001,
        0.7780388680000001,
        0.783292768,
        0.7664139680000001,
        0.7788496680000001,
        0.779458368,
        0.779559768,
        0.781039068,
        0.7814189680000001
      ],
      "exit_codes": [
        0,
        0,
        0,
        0,
        0,
        0,
        0,
        0,
        0,
        0
      ],
      "parameters": {
        "bpmnModel": "models/e009.bpmn"
      }
    },
    {
      "command": "java -jar ruleGenerator-1.jar models/e010.bpmn ./",
      "mean": 0.7985367680000002,
      "stddev": 0.006301049843566641,
      "median": 0.7969469180000001,
      "user": 0.18406250000000005,
      "system": 0.0334375,
      "min": 0.792709568,
      "max": 0.8130168680000001,
      "times": [
        0.794621868,
        0.8130168680000001,
        0.7945742680000001,
        0.8062737680000001,
        0.794494468,
        0.797355868,
        0.7965379680000001,
        0.792709568,
        0.7982435680000001,
        0.7975394680000001
      ],
      "exit_codes": [
        0,
        0,
        0,
        0,
        0,
        0,
        0,
        0,
        0,
        0
      ],
      "parameters": {
        "bpmnModel": "models/e010.bpmn"
      }
    },
    {
      "command": "java -jar ruleGenerator-1.jar models/e011.bpmn ./",
      "mean": 0.795760188,
      "stddev": 0.007756475650391165,
      "median": 0.796253418,
      "user": 0.17781250000000004,
      "system": 0.03665625,
      "min": 0.781430268,
      "max": 0.812658768,
      "times": [
        0.7903799680000001,
        0.812658768,
        0.7962196680000001,
        0.7969296680000001,
        0.7962871680000001,
        0.792377368,
        0.7980790680000001,
        0.795766968,
        0.797472968,
        0.781430268
      ],
      "exit_codes": [
        0,
        0,
        0,
        0,
        0,
        0,
        0,
        0,
        0,
        0
      ],
      "parameters": {
        "bpmnModel": "models/e011.bpmn"
      }
    },
    {
      "command": "java -jar ruleGenerator-1.jar models/e015.bpmn ./",
      "mean": 0.7972314780000002,
      "stddev": 0.004813892227582364,
      "median": 0.795565568,
      "user": 0.24343750000000003,
      "system": 0.03821875000000001,
      "min": 0.794226768,
      "max": 0.8106261680000001,
      "times": [
        0.7954086680000001,
        0.8106261680000001,
        0.794226768,
        0.796039068,
        0.7976255680000001,
        0.7971591680000001,
        0.7953972680000001,
        0.795271468,
        0.795722468,
        0.7948381680000001
      ],
      "exit_codes": [
        0,
        0,
        0,
        0,
        0,
        0,
        0,
        0,
        0,
        0
      ],
      "parameters": {
        "bpmnModel": "models/e015.bpmn"
      }
    },
    {
      "command": "java -jar ruleGenerator-1.jar models/e016.bpmn ./",
      "mean": 0.7894032880000001,
      "stddev": 0.007457439951827397,
      "median": 0.7931203680000001,
      "user": 0.20593750000000002,
      "system": 0.025718749999999995,
      "min": 0.776342768,
      "max": 0.7975885680000001,
      "times": [
        0.7850228680000001,
        0.7958933680000001,
        0.782390868,
        0.7934934680000001,
        0.7811538680000001,
        0.7975885680000001,
        0.776342768,
        0.795140468,
        0.7927472680000001,
        0.7942593680000001
      ],
      "exit_codes": [
        0,
        0,
        0,
        0,
        0,
        0,
        0,
        0,
        0,
        0
      ],
      "parameters": {
        "bpmnModel": "models/e016.bpmn"
      }
    },
    {
      "command": "java -jar ruleGenerator-1.jar models/e020.bpmn ./",
      "mean": 0.965285618,
      "stddev": 0.012933030338568487,
      "median": 0.969095468,
      "user": 0.22937500000000002,
      "system": 0.03665625000000001,
      "min": 0.9370359680000001,
      "max": 0.9823621680000001,
      "times": [
        0.9370359680000001,
        0.9705047680000001,
        0.969628468,
        0.966223068,
        0.9823621680000001,
        0.968834768,
        0.9487227680000001,
        0.967011468,
        0.9731765680000001,
        0.969356168
      ],
      "exit_codes": [
        0,
        0,
        0,
        0,
        0,
        0,
        0,
        0,
        0,
        0
      ],
      "parameters": {
        "bpmnModel": "models/e020.bpmn"
      }
    }
  ]
}
