{
  "results": [
    {
      "command": "java -jar ruleGenerator-1.jar models/scalability/1.bpmn ./grammars",
      "mean": 0.93186707,
      "stddev": 0.053897855746958996,
      "median": 0.91863512,
      "user": 1.9265625,
      "system": 0.20406249999999998,
      "min": 0.88477357,
      "max": 1.06564787,
      "times": [
        0.92894647,
        0.91197257,
        0.88477357,
        0.90222207,
        1.06564787,
        0.97606737,
        0.92529767,
        0.89303427,
        0.89669407,
        0.93401477
      ],
      "exit_codes": [
        0,
        0,
        0,
        0,
        0,
        0,
        0,
        0,
        0,
        0
      ],
      "parameters": {
        "bpmnModel": "models/scalability/1.bpmn"
      }
    },
    {
      "command": "java -jar ruleGenerator-1.jar models/scalability/10.bpmn ./grammars",
      "mean": 1.44207886,
      "stddev": 0.12964563947857977,
      "median": 1.38795097,
      "user": 3.6828125000000007,
      "system": 0.40406249999999994,
      "min": 1.34625517,
      "max": 1.7537278699999999,
      "times": [
        1.56537027,
        1.7537278699999999,
        1.36812897,
        1.36438657,
        1.34625517,
        1.38785567,
        1.4968171700000001,
        1.38977997,
        1.38804627,
        1.36042067
      ],
      "exit_codes": [
        0,
        0,
        0,
        0,
        0,
        0,
        0,
        0,
        0,
        0
      ],
      "parameters": {
        "bpmnModel": "models/scalability/10.bpmn"
      }
    },
    {
      "command": "java -jar ruleGenerator-1.jar models/scalability/100.bpmn ./grammars",
      "mean": 3.7984795300000003,
      "stddev": 0.34736551317823444,
      "median": 3.71217592,
      "user": 10.537499999999998,
      "system": 1.4587499999999998,
      "min": 3.45543617,
      "max": 4.71632667,
      "times": [
        3.45543617,
        3.75331997,
        3.9490551700000003,
        3.7740088700000003,
        3.63359027,
        4.71632667,
        3.65573067,
        3.60948057,
        3.7668150700000003,
        3.67103187
      ],
      "exit_codes": [
        0,
        0,
        0,
        0,
        0,
        0,
        0,
        0,
        0,
        0
      ],
      "parameters": {
        "bpmnModel": "models/scalability/100.bpmn"
      }
    },
    {
      "command": "java -jar ruleGenerator-1.jar models/scalability/300.bpmn ./grammars",
      "mean": 7.1778141699999995,
      "stddev": 0.24484738297690203,
      "median": 7.21544682,
      "user": 15.449999999999998,
      "system": 2.7837500000000004,
      "min": 6.7669109700000005,
      "max": 7.59518967,
      "times": [
        6.7669109700000005,
        7.17110017,
        7.26480207,
        7.1287902700000005,
        7.59518967,
        7.37375787,
        7.25979347,
        7.28134317,
        7.11452597,
        6.82192807
      ],
      "exit_codes": [
        0,
        0,
        0,
        0,
        0,
        0,
        0,
        0,
        0,
        0
      ],
      "parameters": {
        "bpmnModel": "models/scalability/300.bpmn"
      }
    },
    {
      "command": "java -jar ruleGenerator-1.jar models/scalability/500.bpmn ./grammars",
      "mean": 10.99564327,
      "stddev": 0.5962295170598336,
      "median": 10.93715672,
      "user": 19.715624999999996,
      "system": 4.324375,
      "min": 10.04516797,
      "max": 12.14263887,
      "times": [
        10.04516797,
        11.10517597,
        10.58493177,
        11.11219907,
        10.77081157,
        12.14263887,
        10.58645967,
        10.85037997,
        11.73473437,
        11.02393347
      ],
      "exit_codes": [
        0,
        0,
        0,
        0,
        0,
        0,
        0,
        0,
        0,
        0
      ],
      "parameters": {
        "bpmnModel": "models/scalability/500.bpmn"
      }
    },
    {
      "command": "java -jar ruleGenerator-1.jar models/scalability/800.bpmn ./grammars",
      "mean": 16.48297311,
      "stddev": 0.4840072254530298,
      "median": 16.70375932,
      "user": 23.904687499999998,
      "system": 6.154062499999999,
      "min": 15.69858347,
      "max": 16.95717937,
      "times": [
        16.43944597,
        16.63003277,
        15.96047667,
        16.91902937,
        15.69858347,
        16.86314987,
        15.80356427,
        16.77748587,
        16.78078347,
        16.95717937
      ],
      "exit_codes": [
        0,
        0,
        0,
        0,
        0,
        0,
        0,
        0,
        0,
        0
      ],
      "parameters": {
        "bpmnModel": "models/scalability/800.bpmn"
      }
    },
    {
      "command": "java -jar ruleGenerator-1.jar models/scalability/1000.bpmn ./grammars",
      "mean": 25.589179379999997,
      "stddev": 2.6863113205900393,
      "median": 24.89027657,
      "user": 32.7640625,
      "system": 7.743124999999999,
      "min": 23.308123170000002,
      "max": 32.47789306999999,
      "times": [
        23.308123170000002,
        23.84514847,
        24.59432847,
        24.64440237,
        23.49690357,
        25.96850877,
        25.24402817,
        27.17630697,
        32.47789306999999,
        25.13615077
      ],
      "exit_codes": [
        0,
        0,
        0,
        0,
        0,
        0,
        0,
        0,
        0,
        0
      ],
      "parameters": {
        "bpmnModel": "models/scalability/1000.bpmn"
      }
    }
  ]
}
