{
  "results": [
    {
      "command": "java -jar ruleGenerator-1.jar models/e001.bpmn ./",
      "mean": 1.09022438,
      "stddev": 0.032963381478314555,
      "median": 1.0896056399999998,
      "user": 2.4828125000000005,
      "system": 0.22468750000000007,
      "min": 1.05154014,
      "max": 1.15660154,
      "times": [
        1.15660154,
        1.1239080399999999,
        1.08948074,
        1.09143444,
        1.10418214,
        1.0541267399999998,
        1.08600594,
        1.05154014,
        1.05523354,
        1.08973054
      ],
      "exit_codes": [
        0,
        0,
        0,
        0,
        0,
        0,
        0,
        0,
        0,
        0
      ],
      "parameters": {
        "bpmnModel": "models/e001.bpmn"
      }
    },
    {
      "command": "java -jar ruleGenerator-1.jar models/e002.bpmn ./",
      "mean": 1.0607563599999996,
      "stddev": 0.014939982570032968,
      "median": 1.05703734,
      "user": 2.3593750000000004,
      "system": 0.23406250000000006,
      "min": 1.0417137399999998,
      "max": 1.08863374,
      "times": [
        1.05255164,
        1.08863374,
        1.0697506399999999,
        1.07100964,
        1.05821204,
        1.0417137399999998,
        1.07419534,
        1.05372624,
        1.05586264,
        1.04190794
      ],
      "exit_codes": [
        0,
        0,
        0,
        0,
        0,
        0,
        0,
        0,
        0,
        0
      ],
      "parameters": {
        "bpmnModel": "models/e002.bpmn"
      }
    },
    {
      "command": "java -jar ruleGenerator-1.jar models/e007.bpmn ./",
      "mean": 0.9473376600000002,
      "stddev": 0.012254578810369435,
      "median": 0.9452478400000001,
      "user": 2.0046875,
      "system": 0.216875,
      "min": 0.9296190400000001,
      "max": 0.96470984,
      "times": [
        0.9608033400000001,
        0.9460858400000001,
        0.9440203400000001,
        0.9445785400000001,
        0.9296190400000001,
        0.96470984,
        0.9443061400000001,
        0.9305093400000001,
        0.9628270400000001,
        0.94591714
      ],
      "exit_codes": [
        0,
        0,
        0,
        0,
        0,
        0,
        0,
        0,
        0,
        0
      ],
      "parameters": {
        "bpmnModel": "models/e007.bpmn"
      }
    },
    {
      "command": "java -jar ruleGenerator-1.jar models/e008.bpmn ./",
      "mean": 0.98165286,
      "stddev": 0.013407108812599676,
      "median": 0.97834949,
      "user": 2.1203125000000003,
      "system": 0.22156250000000005,
      "min": 0.9620470400000001,
      "max": 1.00574474,
      "times": [
        0.9781511400000001,
        0.9926267400000001,
        0.9620470400000001,
        0.9785478400000001,
        0.9775852400000001,
        1.00574474,
        0.98940994,
        0.9911661400000001,
        0.9635479400000001,
        0.97770184
      ],
      "exit_codes": [
        0,
        0,
        0,
        0,
        0,
        0,
        0,
        0,
        0,
        0
      ],
      "parameters": {
        "bpmnModel": "models/e008.bpmn"
      }
    },
    {
      "command": "java -jar ruleGenerator-1.jar models/e009.bpmn ./",
      "mean": 0.9848179600000002,
      "stddev": 0.008866802622616764,
      "median": 0.9790748900000001,
      "user": 2.2250000000000005,
      "system": 0.22468750000000007,
      "min": 0.9767535400000001,
      "max": 0.99606874,
      "times": [
        0.9774134400000001,
        0.9771688400000001,
        0.99500304,
        0.9767535400000001,
        0.9784262400000001,
        0.97867504,
        0.99411974,
        0.9950762400000001,
        0.9794747400000001,
        0.99606874
      ],
      "exit_codes": [
        0,
        0,
        0,
        0,
        0,
        0,
        0,
        0,
        0,
        0
      ],
      "parameters": {
        "bpmnModel": "models/e009.bpmn"
      }
    },
    {
      "command": "java -jar ruleGenerator-1.jar models/e010.bpmn ./",
      "mean": 1.0288830699999998,
      "stddev": 0.011120698751632293,
      "median": 1.0262542899999998,
      "user": 2.3671875000000004,
      "system": 0.24656250000000007,
      "min": 1.01029884,
      "max": 1.04730584,
      "times": [
        1.04392084,
        1.03445334,
        1.02550514,
        1.04730584,
        1.03302974,
        1.0198111399999998,
        1.02516264,
        1.0270034399999999,
        1.01029884,
        1.0223397399999998
      ],
      "exit_codes": [
        0,
        0,
        0,
        0,
        0,
        0,
        0,
        0,
        0,
        0
      ],
      "parameters": {
        "bpmnModel": "models/e010.bpmn"
      }
    },
    {
      "command": "java -jar ruleGenerator-1.jar models/e011.bpmn ./",
      "mean": 1.03199714,
      "stddev": 0.013442200377996977,
      "median": 1.0271239899999998,
      "user": 2.2718750000000005,
      "system": 0.2512500000000001,
      "min": 1.01209314,
      "max": 1.05859804,
      "times": [
        1.04403464,
        1.0412988399999998,
        1.02495844,
        1.0282591399999998,
        1.02142294,
        1.02535884,
        1.01209314,
        1.03795854,
        1.02598884,
        1.05859804
      ],
      "exit_codes": [
        0,
        0,
        0,
        0,
        0,
        0,
        0,
        0,
        0,
        0
      ],
      "parameters": {
        "bpmnModel": "models/e011.bpmn"
      }
    },
    {
      "command": "java -jar ruleGenerator-1.jar models/e015.bpmn ./",
      "mean": 1.03744857,
      "stddev": 0.016190531510529328,
      "median": 1.04043534,
      "user": 2.3500000000000005,
      "system": 0.17,
      "min": 1.01723304,
      "max": 1.0652265399999998,
      "times": [
        1.02489814,
        1.0430839399999998,
        1.04133754,
        1.0395331399999999,
        1.05722484,
        1.01893474,
        1.04363704,
        1.02337674,
        1.0652265399999998,
        1.01723304
      ],
      "exit_codes": [
        0,
        0,
        0,
        0,
        0,
        0,
        0,
        0,
        0,
        0
      ],
      "parameters": {
        "bpmnModel": "models/e015.bpmn"
      }
    },
    {
      "command": "java -jar ruleGenerator-1.jar models/e016.bpmn ./",
      "mean": 1.02986551,
      "stddev": 0.014660431090982425,
      "median": 1.03339479,
      "user": 2.2953125000000005,
      "system": 0.2184375,
      "min": 0.99740324,
      "max": 1.04354274,
      "times": [
        1.04042244,
        1.0432634399999998,
        1.03939804,
        1.04052754,
        1.02739154,
        1.0244759399999999,
        0.99740324,
        1.02331504,
        1.0189151399999998,
        1.04354274
      ],
      "exit_codes": [
        0,
        0,
        0,
        0,
        0,
        0,
        0,
        0,
        0,
        0
      ],
      "parameters": {
        "bpmnModel": "models/e016.bpmn"
      }
    },
    {
      "command": "java -jar ruleGenerator-1.jar models/e020.bpmn ./",
      "mean": 1.3512377899999999,
      "stddev": 0.010930873217151709,
      "median": 1.35069514,
      "user": 3.3562500000000006,
      "system": 0.34187500000000004,
      "min": 1.33325904,
      "max": 1.37018084,
      "times": [
        1.37018084,
        1.36079314,
        1.3460380399999998,
        1.3556748399999998,
        1.35965184,
        1.33325904,
        1.35535224,
        1.34269164,
        1.34413794,
        1.34459834
      ],
      "exit_codes": [
        0,
        0,
        0,
        0,
        0,
        0,
        0,
        0,
        0,
        0
      ],
      "parameters": {
        "bpmnModel": "models/e020.bpmn"
      }
    }
  ]
}
