{
  "results": [
    {
      "command": "java -jar dependencies/groove-6_1_0/bin/Generator.jar 1.gps",
      "mean": 1.5041660040000004,
      "stddev": 0.08124828090405632,
      "median": 1.4736403040000001,
      "user": 2.6712500000000006,
      "system": 0.28781249999999997,
      "min": 1.4161638040000002,
      "max": 1.6515372040000003,
      "times": [
        1.477304404,
        1.4699762040000002,
        1.4161638040000002,
        1.4550967040000002,
        1.6515372040000003,
        1.626200404,
        1.4389520040000001,
        1.446093604,
        1.560007004,
        1.5003287040000002
      ],
      "exit_codes": [
        0,
        0,
        0,
        0,
        0,
        0,
        0,
        0,
        0,
        0
      ],
      "parameters": {
        "grammar": "1.gps"
      }
    },
    {
      "command": "java -jar dependencies/groove-6_1_0/bin/Generator.jar 10.gps",
      "mean": 1.9323223040000002,
      "stddev": 0.05321526424209079,
      "median": 1.915359054,
      "user": 4.480625000000002,
      "system": 0.42843749999999997,
      "min": 1.8664812040000003,
      "max": 2.018445104,
      "times": [
        1.989957704,
        1.9176830040000001,
        1.9119767040000002,
        2.005179204,
        1.9236095040000003,
        1.8977819040000001,
        1.8664812040000003,
        1.913035104,
        2.018445104,
        1.8790736040000002
      ],
      "exit_codes": [
        0,
        0,
        0,
        0,
        0,
        0,
        0,
        0,
        0,
        0
      ],
      "parameters": {
        "grammar": "10.gps"
      }
    },
    {
      "command": "java -jar dependencies/groove-6_1_0/bin/Generator.jar 100.gps",
      "mean": 6.764283064,
      "stddev": 0.14832167354072187,
      "median": 6.737621604,
      "user": 15.736875000000001,
      "system": 1.2175000000000002,
      "min": 6.602460004,
      "max": 7.1288900040000005,
      "times": [
        7.1288900040000005,
        6.838529704,
        6.787959004,
        6.688395804,
        6.789959804,
        6.687329704,
        6.689760304,
        6.644063404000001,
        6.785482904,
        6.602460004
      ],
      "exit_codes": [
        0,
        0,
        0,
        0,
        0,
        0,
        0,
        0,
        0,
        0
      ],
      "parameters": {
        "grammar": "100.gps"
      }
    }
  ]
}
