{
  "results": [
    {
      "command": "java -Xmx256M -jar dependencies/groove-6_1_0/bin/Generator.jar grammars/1.gps",
      "mean": 1.45767638,
      "stddev": 0.03614816009983395,
      "median": 1.45025249,
      "user": 2.5575,
      "system": 0.31468749999999995,
      "min": 1.4195365899999999,
      "max": 1.52552119,
      "times": [
        1.45817519,
        1.46375459,
        1.4499586899999999,
        1.43117579,
        1.43026079,
        1.4195365899999999,
        1.43164669,
        1.45054629,
        1.5161879900000002,
        1.52552119
      ],
      "exit_codes": [
        0,
        0,
        0,
        0,
        0,
        0,
        0,
        0,
        0,
        0
      ],
      "parameters": {
        "grammar": "grammars/1.gps"
      }
    },
    {
      "command": "java -Xmx256M -jar dependencies/groove-6_1_0/bin/Generator.jar grammars/10.gps",
      "mean": 1.9347608900000002,
      "stddev": 0.0645856886184376,
      "median": 1.91814124,
      "user": 4.498125000000001,
      "system": 0.4584374999999999,
      "min": 1.84625069,
      "max": 2.05361349,
      "times": [
        1.94255289,
        2.02483869,
        1.91138619,
        1.92489629,
        2.05361349,
        1.8900922900000001,
        1.96907379,
        1.8901394900000001,
        1.89476509,
        1.84625069
      ],
      "exit_codes": [
        0,
        0,
        0,
        0,
        0,
        0,
        0,
        0,
        0,
        0
      ],
      "parameters": {
        "grammar": "grammars/10.gps"
      }
    },
    {
      "command": "java -Xmx256M -jar dependencies/groove-6_1_0/bin/Generator.jar grammars/100.gps",
      "mean": 7.413436729999999,
      "stddev": 0.33098106164793445,
      "median": 7.40088164,
      "user": 19.332500000000003,
      "system": 1.2334375,
      "min": 7.00307979,
      "max": 7.98246519,
      "times": [
        7.05634239,
        7.27329619,
        7.39507259,
        7.87373059,
        7.09480559,
        7.00307979,
        7.40669069,
        7.98246519,
        7.46052489,
        7.58835939
      ],
      "exit_codes": [
        0,
        0,
        0,
        0,
        0,
        0,
        0,
        0,
        0,
        0
      ],
      "parameters": {
        "grammar": "grammars/100.gps"
      }
    }
  ]
}
