{
  "results": [
    {
      "command": "java -jar dependencies/groove-5_8_1/bin/Generator.jar e001.gps",
      "mean": 1.000831474,
      "stddev": 0.01790486938529723,
      "median": 1.001731104,
      "user": 0.28125,
      "system": 0.09106250000000002,
      "min": 0.9803271040000001,
      "max": 1.035139404,
      "times": [
        1.035139404,
        0.9840066040000001,
        1.000869804,
        1.015720804,
        0.982490704,
        1.002970804,
        1.002592404,
        0.9803271040000001,
        1.016859204,
        0.9873379040000001
      ],
      "exit_codes": [
        0,
        0,
        0,
        0,
        0,
        0,
        0,
        0,
        0,
        0
      ],
      "parameters": {
        "grammar": "e001.gps"
      }
    },
    {
      "command": "java -jar dependencies/groove-5_8_1/bin/Generator.jar e002.gps",
      "mean": 0.9734841340000001,
      "stddev": 0.006884087490574844,
      "median": 0.9703272040000002,
      "user": 0.3296875,
      "system": 0.04875,
      "min": 0.9659203040000001,
      "max": 0.9825113040000001,
      "times": [
        0.9825113040000001,
        0.9692621040000001,
        0.9698704040000001,
        0.9707840040000001,
        0.9824670040000001,
        0.967313504,
        0.9798236040000001,
        0.966711104,
        0.9659203040000001,
        0.9801780040000001
      ],
      "exit_codes": [
        0,
        0,
        0,
        0,
        0,
        0,
        0,
        0,
        0,
        0
      ],
      "parameters": {
        "grammar": "e002.gps"
      }
    },
    {
      "command": "java -jar dependencies/groove-5_8_1/bin/Generator.jar e007.gps",
      "mean": 0.9220904540000001,
      "stddev": 0.003697844421716815,
      "median": 0.9212126540000001,
      "user": 0.20625,
      "system": 0.07375000000000001,
      "min": 0.9186972040000001,
      "max": 0.9315505040000001,
      "times": [
        0.9315505040000001,
        0.9186972040000001,
        0.9200235040000001,
        0.9228701040000001,
        0.9201706040000001,
        0.9231618040000001,
        0.9191498040000001,
        0.922855704,
        0.9220992040000001,
        0.920326104
      ],
      "exit_codes": [
        0,
        0,
        0,
        0,
        0,
        0,
        0,
        0,
        0,
        0
      ],
      "parameters": {
        "grammar": "e007.gps"
      }
    },
    {
      "command": "java -jar dependencies/groove-5_8_1/bin/Generator.jar e008.gps",
      "mean": 0.9374729440000003,
      "stddev": 0.009154734124812151,
      "median": 0.9367060040000001,
      "user": 0.2359375,
      "system": 0.05993750000000001,
      "min": 0.9195649040000001,
      "max": 0.9528347040000001,
      "times": [
        0.9528347040000001,
        0.9338005040000001,
        0.9368862040000001,
        0.9195649040000001,
        0.9365258040000001,
        0.9331254040000001,
        0.9501435040000001,
        0.9374851040000001,
        0.9384581040000001,
        0.9359052040000001
      ],
      "exit_codes": [
        0,
        0,
        0,
        0,
        0,
        0,
        0,
        0,
        0,
        0
      ],
      "parameters": {
        "grammar": "e008.gps"
      }
    },
    {
      "command": "java -jar dependencies/groove-5_8_1/bin/Generator.jar e009.gps",
      "mean": 1.0116211940000002,
      "stddev": 0.011452411927086232,
      "median": 1.015403804,
      "user": 0.28125,
      "system": 0.08156250000000001,
      "min": 0.9970965039999999,
      "max": 1.030037104,
      "times": [
        1.030037104,
        1.001031604,
        0.9984225040000001,
        1.014557404,
        1.001116104,
        1.016250204,
        1.0176684040000001,
        0.9970965039999999,
        1.0164077040000001,
        1.023624404
      ],
      "exit_codes": [
        0,
        0,
        0,
        0,
        0,
        0,
        0,
        0,
        0,
        0
      ],
      "parameters": {
        "grammar": "e009.gps"
      }
    },
    {
      "command": "java -jar dependencies/groove-5_8_1/bin/Generator.jar e010.gps",
      "mean": 1.045544984,
      "stddev": 0.013503501791576548,
      "median": 1.045320054,
      "user": 0.28125,
      "system": 0.06906250000000001,
      "min": 1.031357404,
      "max": 1.070928404,
      "times": [
        1.070928404,
        1.045272304,
        1.050049704,
        1.032676804,
        1.036872304,
        1.032205004,
        1.064406204,
        1.046313904,
        1.031357404,
        1.045367804
      ],
      "exit_codes": [
        0,
        0,
        0,
        0,
        0,
        0,
        0,
        0,
        0,
        0
      ],
      "parameters": {
        "grammar": "e010.gps"
      }
    },
    {
      "command": "java -jar dependencies/groove-5_8_1/bin/Generator.jar e011.gps",
      "mean": 0.970495734,
      "stddev": 0.007368439157809028,
      "median": 0.9692243540000001,
      "user": 0.3109375,
      "system": 0.048750000000000016,
      "min": 0.9613843040000001,
      "max": 0.9848657040000001,
      "times": [
        0.9848657040000001,
        0.965705204,
        0.9690390040000001,
        0.9709162040000001,
        0.9656222040000001,
        0.9650337040000001,
        0.9813507040000001,
        0.9613843040000001,
        0.969409704,
        0.9716306040000001
      ],
      "exit_codes": [
        0,
        0,
        0,
        0,
        0,
        0,
        0,
        0,
        0,
        0
      ],
      "parameters": {
        "grammar": "e011.gps"
      }
    },
    {
      "command": "java -jar dependencies/groove-5_8_1/bin/Generator.jar e015.gps",
      "mean": 0.9512185540000002,
      "stddev": 0.009556948284799556,
      "median": 0.9531161540000002,
      "user": 0.23125,
      "system": 0.056562500000000016,
      "min": 0.9347830040000001,
      "max": 0.9651153040000001,
      "times": [
        0.9603210040000001,
        0.9522178040000001,
        0.9552525040000001,
        0.9347830040000001,
        0.949692504,
        0.9544880040000001,
        0.950486004,
        0.9651153040000001,
        0.9540145040000001,
        0.9358149040000001
      ],
      "exit_codes": [
        0,
        0,
        0,
        0,
        0,
        0,
        0,
        0,
        0,
        0
      ],
      "parameters": {
        "grammar": "e015.gps"
      }
    },
    {
      "command": "java -jar dependencies/groove-5_8_1/bin/Generator.jar e016.gps",
      "mean": 0.943644454,
      "stddev": 0.00928772215636799,
      "median": 0.9404704540000001,
      "user": 0.2203125,
      "system": 0.07375000000000001,
      "min": 0.9343891040000001,
      "max": 0.9632320040000001,
      "times": [
        0.9632320040000001,
        0.9370678040000001,
        0.9408986040000001,
        0.9372701040000001,
        0.9530552040000001,
        0.9343891040000001,
        0.9375832040000001,
        0.9401493040000001,
        0.9520076040000001,
        0.9407916040000001
      ],
      "exit_codes": [
        0,
        0,
        0,
        0,
        0,
        0,
        0,
        0,
        0,
        0
      ],
      "parameters": {
        "grammar": "e016.gps"
      }
    },
    {
      "command": "java -jar dependencies/groove-5_8_1/bin/Generator.jar e020.gps",
      "mean": 1.7527218439999999,
      "stddev": 0.01965236811171167,
      "median": 1.752172054,
      "user": 0.815625,
      "system": 0.13625,
      "min": 1.7273214040000002,
      "max": 1.798282404,
      "times": [
        1.759849704,
        1.736281904,
        1.7490645040000001,
        1.7571797040000001,
        1.7273214040000002,
        1.736655204,
        1.745458804,
        1.755279604,
        1.798282404,
        1.761845204
      ],
      "exit_codes": [
        0,
        0,
        0,
        0,
        0,
        0,
        0,
        0,
        0,
        0
      ],
      "parameters": {
        "grammar": "e020.gps"
      }
    }
  ]
}
