{
  "results": [
    {
      "command": "java -jar dependencies/groove-6_1_0/bin/Generator.jar e001.gps",
      "mean": 1.6685152380000001,
      "stddev": 0.016499491292296147,
      "median": 1.6661948080000002,
      "user": 3.578125000000001,
      "system": 0.32406250000000003,
      "min": 1.6487979080000001,
      "max": 1.6995307080000002,
      "times": [
        1.674699608,
        1.650990808,
        1.6487979080000001,
        1.6995307080000002,
        1.6853337080000002,
        1.679604008,
        1.6699169080000003,
        1.6613767080000001,
        1.6624727080000001,
        1.652429308
      ],
      "exit_codes": [
        0,
        0,
        0,
        0,
        0,
        0,
        0,
        0,
        0,
        0
      ],
      "parameters": {
        "grammar": "e001.gps"
      }
    },
    {
      "command": "java -jar dependencies/groove-6_1_0/bin/Generator.jar e002.gps",
      "mean": 1.6324418480000003,
      "stddev": 0.01483409270627028,
      "median": 1.632480858,
      "user": 3.3468750000000007,
      "system": 0.3115625000000001,
      "min": 1.6147915080000002,
      "max": 1.6643746080000001,
      "times": [
        1.638050008,
        1.6147915080000002,
        1.6174713080000003,
        1.6331193080000002,
        1.6164673080000003,
        1.6318424080000002,
        1.6643746080000001,
        1.6436600080000001,
        1.629895308,
        1.6347467080000002
      ],
      "exit_codes": [
        0,
        0,
        0,
        0,
        0,
        0,
        0,
        0,
        0,
        0
      ],
      "parameters": {
        "grammar": "e002.gps"
      }
    },
    {
      "command": "java -jar dependencies/groove-6_1_0/bin/Generator.jar e007.gps",
      "mean": 1.519306828,
      "stddev": 0.008559232760501632,
      "median": 1.516828808,
      "user": 2.7625000000000006,
      "system": 0.2959375,
      "min": 1.5101957080000001,
      "max": 1.539323108,
      "times": [
        1.5216148080000003,
        1.517860808,
        1.5157968080000002,
        1.5246491080000002,
        1.5234657080000003,
        1.514517208,
        1.5115830080000001,
        1.5140620080000002,
        1.539323108,
        1.5101957080000001
      ],
      "exit_codes": [
        0,
        0,
        0,
        0,
        0,
        0,
        0,
        0,
        0,
        0
      ],
      "parameters": {
        "grammar": "e007.gps"
      }
    },
    {
      "command": "java -jar dependencies/groove-6_1_0/bin/Generator.jar e008.gps",
      "mean": 1.542457218,
      "stddev": 0.012474588270422205,
      "median": 1.5402882080000002,
      "user": 2.9328125000000007,
      "system": 0.30375,
      "min": 1.5201441080000002,
      "max": 1.563318908,
      "times": [
        1.5454854080000002,
        1.5571253080000003,
        1.5514964080000002,
        1.541423908,
        1.5391525080000001,
        1.5340744080000002,
        1.5358250080000002,
        1.563318908,
        1.5201441080000002,
        1.5365262080000002
      ],
      "exit_codes": [
        0,
        0,
        0,
        0,
        0,
        0,
        0,
        0,
        0,
        0
      ],
      "parameters": {
        "grammar": "e008.gps"
      }
    },
    {
      "command": "java -jar dependencies/groove-6_1_0/bin/Generator.jar e009.gps",
      "mean": 1.653650748,
      "stddev": 0.011550850055606795,
      "median": 1.6588280080000002,
      "user": 3.501562500000001,
      "system": 0.34906250000000005,
      "min": 1.6270527080000001,
      "max": 1.663678908,
      "times": [
        1.658427408,
        1.6592286080000003,
        1.645226008,
        1.6270527080000001,
        1.663678908,
        1.6627967080000001,
        1.6501476080000002,
        1.646900108,
        1.6626165080000002,
        1.6604329080000002
      ],
      "exit_codes": [
        0,
        0,
        0,
        0,
        0,
        0,
        0,
        0,
        0,
        0
      ],
      "parameters": {
        "grammar": "e009.gps"
      }
    },
    {
      "command": "java -jar dependencies/groove-6_1_0/bin/Generator.jar e010.gps",
      "mean": 1.6819943380000002,
      "stddev": 0.01654591870973021,
      "median": 1.6810369580000002,
      "user": 3.6203125000000007,
      "system": 0.34906250000000005,
      "min": 1.657946708,
      "max": 1.720956308,
      "times": [
        1.680347508,
        1.720956308,
        1.6731763080000002,
        1.670302908,
        1.676550608,
        1.6817264080000003,
        1.6928793080000002,
        1.682809808,
        1.657946708,
        1.683247508
      ],
      "exit_codes": [
        0,
        0,
        0,
        0,
        0,
        0,
        0,
        0,
        0,
        0
      ],
      "parameters": {
        "grammar": "e010.gps"
      }
    },
    {
      "command": "java -jar dependencies/groove-6_1_0/bin/Generator.jar e011.gps",
      "mean": 1.549762588,
      "stddev": 0.009977896438829173,
      "median": 1.551663408,
      "user": 2.9640625000000007,
      "system": 0.29125,
      "min": 1.533010108,
      "max": 1.566667808,
      "times": [
        1.5584782080000001,
        1.5414789080000002,
        1.553020408,
        1.552692208,
        1.5536512080000002,
        1.5506346080000002,
        1.5504550080000001,
        1.533010108,
        1.5375374080000002,
        1.566667808
      ],
      "exit_codes": [
        0,
        0,
        0,
        0,
        0,
        0,
        0,
        0,
        0,
        0
      ],
      "parameters": {
        "grammar": "e011.gps"
      }
    },
    {
      "command": "java -jar dependencies/groove-6_1_0/bin/Generator.jar e015.gps",
      "mean": 1.565347658,
      "stddev": 0.009046475618745433,
      "median": 1.5668718080000001,
      "user": 3.070312500000001,
      "system": 0.31625000000000003,
      "min": 1.5521669080000002,
      "max": 1.576361708,
      "times": [
        1.5749224080000002,
        1.5629043080000002,
        1.552500908,
        1.570839308,
        1.558172608,
        1.576361708,
        1.5711708080000002,
        1.561914508,
        1.5725231080000002,
        1.5521669080000002
      ],
      "exit_codes": [
        0,
        0,
        0,
        0,
        0,
        0,
        0,
        0,
        0,
        0
      ],
      "parameters": {
        "grammar": "e015.gps"
      }
    },
    {
      "command": "java -jar dependencies/groove-6_1_0/bin/Generator.jar e016.gps",
      "mean": 1.5432959279999998,
      "stddev": 0.011658958073687387,
      "median": 1.5438668080000002,
      "user": 2.875000000000001,
      "system": 0.2975,
      "min": 1.5246141080000002,
      "max": 1.5652000080000001,
      "times": [
        1.538603608,
        1.5500593080000002,
        1.5322797080000001,
        1.539132908,
        1.5246141080000002,
        1.5502903080000001,
        1.534735408,
        1.549443208,
        1.5486007080000002,
        1.5652000080000001
      ],
      "exit_codes": [
        0,
        0,
        0,
        0,
        0,
        0,
        0,
        0,
        0,
        0
      ],
      "parameters": {
        "grammar": "e016.gps"
      }
    },
    {
      "command": "java -jar dependencies/groove-6_1_0/bin/Generator.jar e020.gps",
      "mean": 3.164252298,
      "stddev": 0.019584225435819495,
      "median": 3.160997708,
      "user": 9.435937499999998,
      "system": 0.7115625000000001,
      "min": 3.1407438080000003,
      "max": 3.196249608,
      "times": [
        3.196249608,
        3.188925208,
        3.1577462080000003,
        3.171075208,
        3.1407438080000003,
        3.144728808,
        3.164249208,
        3.1814019080000002,
        3.145632608,
        3.151770408
      ],
      "exit_codes": [
        0,
        0,
        0,
        0,
        0,
        0,
        0,
        0,
        0,
        0
      ],
      "parameters": {
        "grammar": "e020.gps"
      }
    }
  ]
}
