{
  "results": [
    {
      "command": "java -jar ruleGenerator-1.jar models/parallel/p01x01.bpmn ./grammars",
      "mean": 0.781899278,
      "stddev": 0.07027485956920869,
      "median": 0.7465460580000001,
      "user": 0.140625,
      "system": 0.0375,
      "min": 0.746435658,
      "max": 0.9069491580000001,
      "times": [
        0.9069491580000001,
        0.746435658,
        0.7465460580000001,
        0.763108058,
        0.7464574580000001
      ],
      "exit_codes": [
        0,
        0,
        0,
        0,
        0
      ],
      "parameters": {
        "bpmnModel": "models/parallel/p01x01.bpmn"
      }
    },
    {
      "command": "java -jar ruleGenerator-1.jar models/parallel/p02x01.bpmn ./grammars",
      "mean": 0.7496630580000001,
      "stddev": 0.006710466367921101,
      "median": 0.7466411580000001,
      "user": 0.128125,
      "system": 0.034375,
      "min": 0.746325458,
      "max": 0.7616428580000001,
      "times": [
        0.7616428580000001,
        0.746325458,
        0.746333058,
        0.7466411580000001,
        0.747372758
      ],
      "exit_codes": [
        0,
        0,
        0,
        0,
        0
      ],
      "parameters": {
        "bpmnModel": "models/parallel/p02x01.bpmn"
      }
    },
    {
      "command": "java -jar ruleGenerator-1.jar models/parallel/p03x01.bpmn ./grammars",
      "mean": 0.780891458,
      "stddev": 0.013266199040606932,
      "median": 0.7816817580000001,
      "user": 0.146875,
      "system": 0.025,
      "min": 0.761636258,
      "max": 0.793269058,
      "times": [
        0.761636258,
        0.793269058,
        0.792903058,
        0.7816817580000001,
        0.774967158
      ],
      "exit_codes": [
        0,
        0,
        0,
        0,
        0
      ],
      "parameters": {
        "bpmnModel": "models/parallel/p03x01.bpmn"
      }
    },
    {
      "command": "java -jar ruleGenerator-1.jar models/parallel/p04x01.bpmn ./grammars",
      "mean": 0.7870488380000001,
      "stddev": 0.018041650846776756,
      "median": 0.793612258,
      "user": 0.14375,
      "system": 0.04375,
      "min": 0.761314758,
      "max": 0.8087220580000001,
      "times": [
        0.761314758,
        0.7936659580000001,
        0.793612258,
        0.8087220580000001,
        0.7779291580000001
      ],
      "exit_codes": [
        0,
        0,
        0,
        0,
        0
      ],
      "parameters": {
        "bpmnModel": "models/parallel/p04x01.bpmn"
      }
    },
    {
      "command": "java -jar ruleGenerator-1.jar models/parallel/p05x01.bpmn ./grammars",
      "mean": 0.8028595980000001,
      "stddev": 0.014059172822858377,
      "median": 0.7935393580000001,
      "user": 0.15625,
      "system": 0.0125,
      "min": 0.7929814580000001,
      "max": 0.824150758,
      "times": [
        0.7935393580000001,
        0.7929814580000001,
        0.793132958,
        0.810493458,
        0.824150758
      ],
      "exit_codes": [
        0,
        0,
        0,
        0,
        0
      ],
      "parameters": {
        "bpmnModel": "models/parallel/p05x01.bpmn"
      }
    },
    {
      "command": "java -jar ruleGenerator-1.jar models/parallel/p06x01.bpmn ./grammars",
      "mean": 0.8089007980000001,
      "stddev": 0.011026879073110413,
      "median": 0.808687558,
      "user": 0.146875,
      "system": 0.028125,
      "min": 0.793630958,
      "max": 0.8247880580000001,
      "times": [
        0.808120758,
        0.808687558,
        0.8247880580000001,
        0.809276658,
        0.793630958
      ],
      "exit_codes": [
        0,
        0,
        0,
        0,
        0
      ],
      "parameters": {
        "bpmnModel": "models/parallel/p06x01.bpmn"
      }
    },
    {
      "command": "java -jar ruleGenerator-1.jar models/parallel/p07x01.bpmn ./grammars",
      "mean": 0.830742478,
      "stddev": 0.008634967873536091,
      "median": 0.8246992580000001,
      "user": 0.128125,
      "system": 0.025,
      "min": 0.823952558,
      "max": 0.8405786580000001,
      "times": [
        0.823952558,
        0.8398035580000001,
        0.8246992580000001,
        0.824678358,
        0.8405786580000001
      ],
      "exit_codes": [
        0,
        0,
        0,
        0,
        0
      ],
      "parameters": {
        "bpmnModel": "models/parallel/p07x01.bpmn"
      }
    },
    {
      "command": "java -jar ruleGenerator-1.jar models/parallel/p08x01.bpmn ./grammars",
      "mean": 0.8307226379999999,
      "stddev": 0.008892875995537118,
      "median": 0.824913758,
      "user": 0.10625,
      "system": 0.0375,
      "min": 0.823606758,
      "max": 0.8408463580000001,
      "times": [
        0.823606758,
        0.840045958,
        0.8408463580000001,
        0.824200358,
        0.824913758
      ],
      "exit_codes": [
        0,
        0,
        0,
        0,
        0
      ],
      "parameters": {
        "bpmnModel": "models/parallel/p08x01.bpmn"
      }
    },
    {
      "command": "java -jar ruleGenerator-1.jar models/parallel/p09x01.bpmn ./grammars",
      "mean": 0.8466628780000001,
      "stddev": 0.009135837000351994,
      "median": 0.840673658,
      "user": 0.153125,
      "system": 0.04375,
      "min": 0.839652558,
      "max": 0.8575069580000001,
      "times": [
        0.839652558,
        0.840673658,
        0.839711858,
        0.8557693580000001,
        0.8575069580000001
      ],
      "exit_codes": [
        0,
        0,
        0,
        0,
        0
      ],
      "parameters": {
        "bpmnModel": "models/parallel/p09x01.bpmn"
      }
    },
    {
      "command": "java -jar ruleGenerator-1.jar models/parallel/p10x01.bpmn ./grammars",
      "mean": 0.8402536380000001,
      "stddev": 0.019217190594803372,
      "median": 0.840960158,
      "user": 0.153125,
      "system": 0.009375,
      "min": 0.8088359580000001,
      "max": 0.856106958,
      "times": [
        0.855680258,
        0.839684858,
        0.8088359580000001,
        0.840960158,
        0.856106958
      ],
      "exit_codes": [
        0,
        0,
        0,
        0,
        0
      ],
      "parameters": {
        "bpmnModel": "models/parallel/p10x01.bpmn"
      }
    }
  ]
}
