{
  "results": [
    {
      "command": "java -jar dependencies/groove-6_1_0/bin/Generator.jar e001.gps",
      "mean": 0.8241133660000001,
      "stddev": 0.03586238522017184,
      "median": 0.812734116,
      "user": 0.12937500000000002,
      "system": 0.017,
      "min": 0.811979866,
      "max": 0.926170766,
      "times": [
        0.926170766,
        0.812853566,
        0.811979866,
        0.812529766,
        0.8133951660000001,
        0.812468166,
        0.813088566,
        0.812485666,
        0.813547466,
        0.812614666
      ],
      "exit_codes": [
        0,
        0,
        0,
        0,
        0,
        0,
        0,
        0,
        0,
        0
      ],
      "parameters": {
        "grammar": "e001.gps"
      }
    },
    {
      "command": "java -jar dependencies/groove-6_1_0/bin/Generator.jar e002.gps",
      "mean": 0.7973868659999999,
      "stddev": 0.0016097285920303505,
      "median": 0.7969709660000001,
      "user": 0.25125000000000003,
      "system": 0.04818750000000001,
      "min": 0.795993666,
      "max": 0.8006992660000001,
      "times": [
        0.7960038660000001,
        0.7973611660000001,
        0.8006992660000001,
        0.797124766,
        0.7968171660000001,
        0.796247166,
        0.797165166,
        0.796594566,
        0.795993666,
        0.799861866
      ],
      "exit_codes": [
        0,
        0,
        0,
        0,
        0,
        0,
        0,
        0,
        0,
        0
      ],
      "parameters": {
        "grammar": "e002.gps"
      }
    },
    {
      "command": "java -jar dependencies/groove-6_1_0/bin/Generator.jar e007.gps",
      "mean": 0.7546372859999999,
      "stddev": 0.007944394644975225,
      "median": 0.7500153660000001,
      "user": 0.10287499999999998,
      "system": 0.024875,
      "min": 0.7484705660000001,
      "max": 0.7664452660000001,
      "times": [
        0.7484705660000001,
        0.748814866,
        0.7664452660000001,
        0.7499923660000001,
        0.765931566,
        0.765824166,
        0.7495599660000001,
        0.751993366,
        0.749302366,
        0.7500383660000001
      ],
      "exit_codes": [
        0,
        0,
        0,
        0,
        0,
        0,
        0,
        0,
        0,
        0
      ],
      "parameters": {
        "grammar": "e007.gps"
      }
    },
    {
      "command": "java -jar dependencies/groove-6_1_0/bin/Generator.jar e008.gps",
      "mean": 0.7754537860000001,
      "stddev": 0.007917246258194116,
      "median": 0.779828866,
      "user": 0.01696875,
      "system": 0.0,
      "min": 0.765132966,
      "max": 0.783375866,
      "times": [
        0.765132966,
        0.780646866,
        0.7667131660000001,
        0.783375866,
        0.779010866,
        0.767687966,
        0.765999066,
        0.7825663660000001,
        0.781218066,
        0.782186666
      ],
      "exit_codes": [
        0,
        0,
        0,
        0,
        0,
        0,
        0,
        0,
        0,
        0
      ],
      "parameters": {
        "grammar": "e008.gps"
      }
    },
    {
      "command": "java -jar dependencies/groove-6_1_0/bin/Generator.jar e009.gps",
      "mean": 0.817824066,
      "stddev": 0.008363714169753388,
      "median": 0.8139042160000001,
      "user": 0.0403125,
      "system": 0.010781250000000001,
      "min": 0.809789866,
      "max": 0.831208566,
      "times": [
        0.813049166,
        0.8139287660000001,
        0.8283643660000001,
        0.809789866,
        0.831208566,
        0.811892766,
        0.8296345660000001,
        0.811719066,
        0.814773866,
        0.8138796660000001
      ],
      "exit_codes": [
        0,
        0,
        0,
        0,
        0,
        0,
        0,
        0,
        0,
        0
      ],
      "parameters": {
        "grammar": "e009.gps"
      }
    },
    {
      "command": "java -jar dependencies/groove-6_1_0/bin/Generator.jar e010.gps",
      "mean": 0.837777376,
      "stddev": 0.007825581936536386,
      "median": 0.841228216,
      "user": 0.06687499999999999,
      "system": 0.0123125,
      "min": 0.827722266,
      "max": 0.845996166,
      "times": [
        0.827790266,
        0.8446413660000001,
        0.832078866,
        0.838704066,
        0.8439214660000001,
        0.8286457660000001,
        0.843752366,
        0.844521166,
        0.845996166,
        0.827722266
      ],
      "exit_codes": [
        0,
        0,
        0,
        0,
        0,
        0,
        0,
        0,
        0,
        0
      ],
      "parameters": {
        "grammar": "e010.gps"
      }
    },
    {
      "command": "java -jar dependencies/groove-6_1_0/bin/Generator.jar e011.gps",
      "mean": 0.778519806,
      "stddev": 0.00960421836373073,
      "median": 0.7813555160000001,
      "user": 0.051250000000000004,
      "system": 0.006125,
      "min": 0.765766466,
      "max": 0.794757566,
      "times": [
        0.794757566,
        0.7821103660000001,
        0.781356966,
        0.765766466,
        0.766027066,
        0.781354066,
        0.7852280660000001,
        0.766003766,
        0.7822288660000001,
        0.780364866
      ],
      "exit_codes": [
        0,
        0,
        0,
        0,
        0,
        0,
        0,
        0,
        0,
        0
      ],
      "parameters": {
        "grammar": "e011.gps"
      }
    },
    {
      "command": "java -jar dependencies/groove-6_1_0/bin/Generator.jar e015.gps",
      "mean": 0.781300466,
      "stddev": 0.004441666842276414,
      "median": 0.781838316,
      "user": 0.079375,
      "system": 0.010781250000000001,
      "min": 0.770333566,
      "max": 0.787804666,
      "times": [
        0.7799386660000001,
        0.781425166,
        0.783886166,
        0.782502066,
        0.780707166,
        0.787804666,
        0.7822514660000001,
        0.783198866,
        0.780956866,
        0.770333566
      ],
      "exit_codes": [
        0,
        0,
        0,
        0,
        0,
        0,
        0,
        0,
        0,
        0
      ],
      "parameters": {
        "grammar": "e015.gps"
      }
    },
    {
      "command": "java -jar dependencies/groove-6_1_0/bin/Generator.jar e016.gps",
      "mean": 0.775256846,
      "stddev": 0.008191677484808048,
      "median": 0.7814370660000001,
      "user": 0.0528125,
      "system": 0.010781250000000001,
      "min": 0.7654011660000001,
      "max": 0.781796866,
      "times": [
        0.765902066,
        0.7659160660000001,
        0.781735366,
        0.765746166,
        0.7654011660000001,
        0.781478566,
        0.7815049660000001,
        0.781395566,
        0.7816916660000001,
        0.781796866
      ],
      "exit_codes": [
        0,
        0,
        0,
        0,
        0,
        0,
        0,
        0,
        0,
        0
      ],
      "parameters": {
        "grammar": "e016.gps"
      }
    },
    {
      "command": "java -jar dependencies/groove-6_1_0/bin/Generator.jar e020.gps",
      "mean": 1.4819347760000001,
      "stddev": 0.015524063471659456,
      "median": 1.478726366,
      "user": 0.4231249999999999,
      "system": 0.0590625,
      "min": 1.4605508660000002,
      "max": 1.5101294660000002,
      "times": [
        1.4605508660000002,
        1.502023166,
        1.471720166,
        1.4892111660000003,
        1.487570966,
        1.466368466,
        1.4743207660000002,
        1.5101294660000002,
        1.4774434660000002,
        1.4800092660000002
      ],
      "exit_codes": [
        0,
        0,
        0,
        0,
        0,
        0,
        0,
        0,
        0,
        0
      ],
      "parameters": {
        "grammar": "e020.gps"
      }
    }
  ]
}
