{
  "results": [
    {
      "command": "java -Xmx1024M -jar dependencies/groove-6_1_0/bin/Generator.jar grammars/p01x01.gps",
      "mean": 0.877144442,
      "stddev": 0.03240188237237151,
      "median": 0.856388302,
      "user": 0.009375,
      "system": 0.00625,
      "min": 0.855647302,
      "max": 0.929283602,
      "times": [
        0.929283602,
        0.8886214020000001,
        0.855647302,
        0.856388302,
        0.8557816020000001
      ],
      "exit_codes": [
        0,
        0,
        0,
        0,
        0
      ],
      "parameters": {
        "grammar": "grammars/p01x01.gps"
      }
    },
    {
      "command": "java -Xmx1024M -jar dependencies/groove-6_1_0/bin/Generator.jar grammars/p02x01.gps",
      "mean": 0.864960782,
      "stddev": 0.00836340655456851,
      "median": 0.869405002,
      "user": 0.0125,
      "system": 0.003125,
      "min": 0.8557111020000001,
      "max": 0.871908502,
      "times": [
        0.8557111020000001,
        0.869405002,
        0.8560184020000001,
        0.8717609020000001,
        0.871908502
      ],
      "exit_codes": [
        0,
        0,
        0,
        0,
        0
      ],
      "parameters": {
        "grammar": "grammars/p02x01.gps"
      }
    },
    {
      "command": "java -Xmx1024M -jar dependencies/groove-6_1_0/bin/Generator.jar grammars/p03x01.gps",
      "mean": 0.884157222,
      "stddev": 0.006512311858088461,
      "median": 0.887016302,
      "user": 0.0125,
      "system": 0.009375,
      "min": 0.8725120020000001,
      "max": 0.887352102,
      "times": [
        0.887045002,
        0.887016302,
        0.8868607020000001,
        0.8725120020000001,
        0.887352102
      ],
      "exit_codes": [
        0,
        0,
        0,
        0,
        0
      ],
      "parameters": {
        "grammar": "grammars/p03x01.gps"
      }
    },
    {
      "command": "java -Xmx1024M -jar dependencies/groove-6_1_0/bin/Generator.jar grammars/p04x01.gps",
      "mean": 0.9498054220000002,
      "stddev": 0.0004135303096509437,
      "median": 0.9497336020000001,
      "user": 0.028125,
      "system": 0.00625,
      "min": 0.9493561020000001,
      "max": 0.9504499020000001,
      "times": [
        0.9504499020000001,
        0.9497336020000001,
        0.9493561020000001,
        0.9499081020000001,
        0.9495794020000001
      ],
      "exit_codes": [
        0,
        0,
        0,
        0,
        0
      ],
      "parameters": {
        "grammar": "grammars/p04x01.gps"
      }
    },
    {
      "command": "java -Xmx1024M -jar dependencies/groove-6_1_0/bin/Generator.jar grammars/p05x01.gps",
      "mean": 1.0252115820000003,
      "stddev": 0.020636215769782022,
      "median": 1.027483702,
      "user": 0.021875,
      "system": 0.00625,
      "min": 0.997406802,
      "max": 1.044617702,
      "times": [
        0.997406802,
        1.044617702,
        1.011999402,
        1.027483702,
        1.044550302
      ],
      "exit_codes": [
        0,
        0,
        0,
        0,
        0
      ],
      "parameters": {
        "grammar": "grammars/p05x01.gps"
      }
    },
    {
      "command": "java -Xmx1024M -jar dependencies/groove-6_1_0/bin/Generator.jar grammars/p06x01.gps",
      "mean": 1.149657082,
      "stddev": 0.013062248808570405,
      "median": 1.151854502,
      "user": 0.040625,
      "system": 0.003125,
      "min": 1.1370946020000001,
      "max": 1.168939202,
      "times": [
        1.1370946020000001,
        1.137840302,
        1.151854502,
        1.168939202,
        1.152556802
      ],
      "exit_codes": [
        0,
        0,
        0,
        0,
        0
      ],
      "parameters": {
        "grammar": "grammars/p06x01.gps"
      }
    },
    {
      "command": "java -Xmx1024M -jar dependencies/groove-6_1_0/bin/Generator.jar grammars/p07x01.gps",
      "mean": 1.488189222,
      "stddev": 0.01629751481352287,
      "median": 1.496896102,
      "user": 0.215625,
      "system": 0.0375,
      "min": 1.462332702,
      "max": 1.500029602,
      "times": [
        1.499893102,
        1.500029602,
        1.462332702,
        1.496896102,
        1.4817946020000001
      ],
      "exit_codes": [
        0,
        0,
        0,
        0,
        0
      ],
      "parameters": {
        "grammar": "grammars/p07x01.gps"
      }
    },
    {
      "command": "java -Xmx1024M -jar dependencies/groove-6_1_0/bin/Generator.jar grammars/p08x01.gps",
      "mean": 2.1340163019999996,
      "stddev": 0.020221754857949362,
      "median": 2.122873902,
      "user": 0.76875,
      "system": 0.046875,
      "min": 2.121608302,
      "max": 2.1687018019999997,
      "times": [
        2.1352490019999997,
        2.122873902,
        2.121608302,
        2.1687018019999997,
        2.1216485019999998
      ],
      "exit_codes": [
        0,
        0,
        0,
        0,
        0
      ],
      "parameters": {
        "grammar": "grammars/p08x01.gps"
      }
    },
    {
      "command": "java -Xmx1024M -jar dependencies/groove-6_1_0/bin/Generator.jar grammars/p09x01.gps",
      "mean": 3.845498682,
      "stddev": 0.018184956386997467,
      "median": 3.8425043019999996,
      "user": 2.1,
      "system": 0.075,
      "min": 3.824211402,
      "max": 3.874334002,
      "times": [
        3.8425043019999996,
        3.8401549019999996,
        3.874334002,
        3.8462888019999997,
        3.824211402
      ],
      "exit_codes": [
        0,
        0,
        0,
        0,
        0
      ],
      "parameters": {
        "grammar": "grammars/p09x01.gps"
      }
    },
    {
      "command": "java -Xmx1024M -jar dependencies/groove-6_1_0/bin/Generator.jar grammars/p10x01.gps",
      "mean": 9.161449661999999,
      "stddev": 0.12500497006220573,
      "median": 9.150834702000001,
      "user": 8.865625,
      "system": 0.1375,
      "min": 8.980618502,
      "max": 9.307005402,
      "times": [
        9.150834702000001,
        9.307005402,
        8.980618502,
        9.245439702,
        9.123350002
      ],
      "exit_codes": [
        0,
        0,
        0,
        0,
        0
      ],
      "parameters": {
        "grammar": "grammars/p10x01.gps"
      }
    }
  ]
}
